{
  "project_info": {
    "project_number": "556563725603",
    "project_id": "quackathon-685ba",
    "storage_bucket": "quackathon-685ba.firebasestorage.app"
  },
  "client": [
    {
      "client_info": {
        "mobilesdk_app_id": "1:556563725603:android:9854f57fdb8596e17e6096",
        "android_client_info": {
          "package_name": "com.mycompany.quakshield"
        }
      },
      "oauth_client": [
        {
          "client_id": "556563725603-njb7rushr7ut8jon6lkt61k9plapakri.apps.googleusercontent.com",
          "client_type": 1,
          "android_info": {
            "package_name": "com.mycompany.quakshield",
            "certificate_hash": "04073827965065862e70c13c3913abc0d81f99f9"
          }
        },
        {
          "client_id": "556563725603-rhvcpudn9bj5eb7hej78mkmshuktiiss.apps.googleusercontent.com",
          "client_type": 1,
          "android_info": {
            "package_name": "com.mycompany.quakshield",
            "certificate_hash": "9bbb3186b2189ef16d8f272bdab59362c395cbb4"
          }
        },
        {
          "client_id": "556563725603-jknf481acnrj9fshrs22dsoej1kjmjm1.apps.googleusercontent.com",
          "client_type": 3
        }
      ],
      "api_key": [
        {
          "current_key": "AIzaSyBR15AgxWbTe-iQLFZzQcE3Oc8N5VJjngs"
        }
      ],
      "services": {
        "appinvite_service": {
          "other_platform_oauth_client": [
            {
              "client_id": "556563725603-jknf481acnrj9fshrs22dsoej1kjmjm1.apps.googleusercontent.com",
              "client_type": 3
            },
            {
              "client_id": "556563725603-riu6qa0rafuag4jvdl6hgevnpl83t0si.apps.googleusercontent.com",
              "client_type": 2,
              "ios_info": {
                "bundle_id": "com.mycompany.quakshield"
              }
            }
          ]
        }
      }
    }
  ],
  "configuration_version": "1"
}